model,fit_time,score_time,test_accuracy,test_precision,test_recall
DecisionTreeClassifier(),3.8812446117401125,0.15101804733276367,0.9124095721320513,0.8395547674217851,0.868
RandomForestClassifier(),6.119145154953003,0.23850030899047853,0.9570741644007139,0.9346513608406026,0.9179999999999999
SVC(),28.310871887207032,10.324634790420532,0.7956202169708183,0.8357116356645227,0.37533333333333335
GaussianNB(),1.900114154815674,0.2750402927398682,0.9505011259682862,0.8832569487915121,0.9579999999999999
LogisticRegression(),4.864132404327393,0.20637898445129393,0.9534011717545482,0.9115289878840211,0.93
