model,fit time(s),score time(s),accuracy,precision,recall,TP,TN,FP,FN
DecisionTreeClassifier(),2.688965797,0.175416946,0.928847641,0.879781421,0.87027027,322,879,44,48
RandomForestClassifier(),4.912827253,0.256298065,0.976798144,0.967032967,0.951351351,352,911,12,18
SVC(),21.64656591,11.19958091,0.805104408,0.898648649,0.359459459,133,908,15,237
GaussianNB(),0.863134384,0.303508282,0.950502707,0.878712871,0.959459459,355,874,49,15
LogisticRegression(),3.814376593,0.297114134,0.969064192,0.950819672,0.940540541,348,905,18,22
